Numéro	Color mode	Color
1	rgb	0.6745098 , 0.79607843, 0.97647059
2	rgb	0.57254902, 0.59215686, 0.81176471
3	rgb	0.75294118, 0.84705882, 0.92941176
4	rgb	0.6627451 , 0.8       , 0.93333333
5	rgb	0.8       , 0.82352941, 0.86666667
6	rgb	0.70980392, 0.75686275, 0.8745098
7	rgb	0.74117647, 0.85490196, 0.8745098
8	rgb	0.84705882, 0.82745098, 0.85098039
